{
    "best acc": 0.805327868852459,
    "best loss": 0.6086768069688011,
    "best f1": 0.6548378467559814
}